name,start,cunlan,fabing,death,province,city,overtime,Long,Lat
辽宁省沈阳市沈北新区,20180803,383,47,47,辽宁省,沈阳市,20180929,123.583197,41.912487
河南省郑州市经济开发区,20180816,260,30,30,河南省,郑州市,20181001,113.743171,34.721838
江苏省连云港市海州区,20180819,,615,88,江苏省,连云港市,20181004,119.19371,34.606756
浙江省温州市乐清市,20180823,,430,340,浙江省,温州市,20181010,120.967147,28.116083
安徽省芜湖市南陵县,20180830,459,185,80,安徽省,芜湖市,20181018,118.33436,30.914923
安徽省宣城市宣州区古泉镇,20180902,285,,40,安徽省,宣城市,20181017,118.653084,31.029986
安徽省宣城市宣州区五星乡,20180902,440,,94,安徽省,宣城市,20181017,118.78591,31.006845
安徽省宣城市宣州区金坝办事处,20180903,308,152,83,安徽省,宣城市,20181017,118.668526,30.868876
江苏省无锡市宜兴市,20180903,97,12,9,江苏省,无锡市,20181017,119.823308,31.340637
黑龙江省佳木斯市郊区长青乡,20180905,87,39,12,黑龙江省,佳木斯市,20181112,130.303305,46.809019
安徽省滁州市凤阳县,20180906,886,62,22,安徽省,滁州市,20181020,117.531623,32.874735
黑龙江省佳木斯市向阳区,20180906,203,26,10,黑龙江省,佳木斯市,20181112,130.365346,46.80779
安徽省芜湖市南陵县许镇镇,20180906,30,13,4,安徽省,芜湖市,20181112,118.399381,31.047345
安徽省宣城市宣州区天湖街道办事处,20180906,52,15,15,安徽省,宣城市,20181020,118.591931,30.919701
安徽省铜陵市义安区,20180910,219,63,23,安徽省,铜陵市,20181024,117.812079,30.945429
内蒙古自治区锡林郭勒盟阿巴嘎旗,20180914,,16,16,内蒙古自治区,锡林郭勒盟,20181219,114.950248,44.022995
河南省新乡市获嘉县,20180814,,148,64,河南省,新乡市,20181031,113.657433,35.259808
内蒙古自治区锡林郭勒盟正蓝旗,20180917,159,14,8,内蒙古自治区,锡林郭勒盟,20181219,115.99247,42.241638
吉林省公主岭市南崴子镇,20180921,484,56,56,吉林省,四平市,20181101,124.743685,43.462169
内蒙古自治区科尔沁右翼中旗,20180921,138,23,22,内蒙古自治区,兴安盟,20181219,121.47653,45.060837
内蒙古自治区呼和浩特市,20180924,388,4,2,内蒙古自治区,呼和浩特市,20190130,111.74918,40.842585
吉林省松原市长岭县,20180928,44,8,3,吉林省,松原市,20181109,123.967484,44.275895
 辽宁省营口市大石桥市旗口镇滚子泡村（含腰屯村）,20180930,239,78,78,辽宁省,营口市,20181122,122.416165,40.823646
辽宁省营口市大石桥市高坎镇大高坎村,20180930,130,22,22,辽宁省,营口市,20181122,122.37675,40.779669
辽宁省营口市老边区路南镇崔家村,20180930,9,2,2,辽宁省,营口市,20181122,122.30766,40.690142
辽宁省营口市大石桥市旗口镇王围村（含新兴村）,20181008,1119,650,20,辽宁省,营口市,20181122,122.426829,40.853512
辽宁省营口市大石桥市高坎镇革家村（含宿东村）,20181008,1116,127,27,辽宁省,营口市,20181122,122.493095,40.800201
辽宁省营口市老边区路南镇新立村（含北于扬村）,20181008,1123,142,46,辽宁省,营口市,20181122,122.402803,40.664332
辽宁省鞍山市台安县,20181009,460,160,160,辽宁省,鞍山市,20181127,122.436196,41.412768
辽宁省大连市普兰店区,20181011,1353,20,11,辽宁省,大连市,20181125,122.26177,39.741886
辽宁省鞍山市台安县新台镇,20181012,120,88,72,辽宁省,鞍山市,20181127,122.3587,41.327987
 天津市蓟州区侯家营镇,20181012,639,292,198,天津市,天津市,20181205,117.255619,39.855988
辽宁省鞍山市台安县桑林镇魏家村,20181014,180,14,14,辽宁省,鞍山市,20181127,122.274519,41.493566
辽宁省锦州市北镇市,20181015,19938,221,221,辽宁省,锦州市,20181204,121.795962,41.598764
辽宁省北镇市盘锦市大洼区王家街道曙光村,20181015,1571,109,109,辽宁省,锦州市,20181203,121.795962,41.598764
辽宁省盘锦市大洼区王家街道王家村,20181015,270,129,129,辽宁省,盘锦市,20181203,122.066733,40.949539
辽宁省铁岭市开原市庆云堡镇,20181016,6640,50,14,辽宁省,铁岭市,20181129,124.038268,42.546307
辽宁省盘锦市大洼区清水镇,20181016,4323,1030,1030,辽宁省,盘锦市,20181203,121.981502,41.042119
辽宁省盘锦市大洼区王家街道西海村,20181016,3223,31,20,辽宁省,盘锦市,20181203,122.023268,40.947591
辽宁省盘锦市大洼区西安镇韩家村,20181017,161,43,43,辽宁省,盘锦市,20181203,122.233249,40.951208
山西省大同市左云县,20181017,15,7,4,山西省,大同市,20181128,112.703008,40.013442
云南省昭通市镇雄县牛场镇,20181020,804,298,298,云南省,昭通市,20181227,104.571123,27.508911
云南省昭通市母享镇养殖专业合作社,20181021,353,247,247,云南省,昭通市,20181227,105.190509,27.562278
浙江省台州市三门县,20181022,2280,56,56,浙江省,台州市,20181204,121.395777,29.104873
湖南省益阳市桃江县,20181223,546,44,17,湖南省,益阳市,20181207,112.155822,28.518085
湖南省常德市桃源县,20181023,268,208,31,湖南省,常德市,20181217,111.488925,28.902503
贵州省毕节市赫章县,20181025,10,8,8,贵州省,毕节市,20181213,104.727418,27.123079
贵州省毕节市七星关区,20181026,49,25,25,贵州省,毕节市,20181223,105.305138,27.298494
湖南省常德市桃源县,20181028,7684,106,99,湖南省,常德市,20181217,111.488925,28.902503
山西省太原市阳曲县,20181030,210,75,47,山西省,太原市,20181217,112.672953,38.058489
湖南省怀化市沅陵县,20181030,144,25,22,湖南省,怀化市,20181217,110.393844,28.452686
云南省普洱市思茅区,20181030,36,5,1,云南省,普洱市,20181211,100.977165,22.78691
山西省太原市阳曲县西凌井乡,20181103,47,25,7,山西省,太原市,20181217,112.422273,38.13597
重庆市丰都县兴义镇,20181104,309,3,3,重庆市,重庆市,20181221,107.818939,29.948571
湖南省湘西土家族苗族自治州保靖县,20181105,119,11,4,湖南省,湘西土家族苗族自治州,20181220,109.660577,28.699774
湖北省罗田县,20181107,821,22,4,湖北省,黄冈市,20181226,115.399492,30.7831
 湖南省娄底市涟源市,20181108,9,4,1,湖南省,娄底市,20181224,111.664316,27.692542
江西省上饶市万年县,20181108,154,49,49,江西省,上饶市,20181224,117.058445,28.694582
吉林省延边朝鲜族自治州龙井市,20181108,930,144,144,吉林省,延边朝鲜族自治州,20181220,129.427066,42.766311
福建省莆田市城厢区,20181108,4521,85,85,福建省,莆田市,20181222,118.993885,25.419319
安徽省青阳县,20181110,8339,96,47,安徽省,池州市,20181224,117.847362,30.63923
湖北省武穴市,20181113,147,7,6,湖北省,黄冈市,20181229,115.561217,29.844107
湖北省黄冈市浠水县,20181115,636,24,13,湖北省,黄冈市,20190103,115.265535,30.451867
四川省宜宾市高县,20181116,40,16,10,四川省,宜宾市,20181230,104.518187,28.435036
吉林省白山市浑江区（一头野猪）,20181116,,1,1,吉林省,白山市,,126.416094,41.945409
云南省昭通市威信县,20181116,1,1,1,云南省,昭通市,20181228,105.049027,27.846901
江西省上饶市鄱阳县,20181117,150,10,10,江西省,上饶市,20181229,116.699746,29.011699
云南省昆明市呈贡区（屠宰场）,20181117,348,,,云南省,昆明市,20181229,102.798124,24.914208
四川省成都市新津县,20181117,110,27,13,四川省,成都市,20190103,103.811345,30.410222
上海市金山区,20181117,314,50,11,上海市,上海市,20190104,121.34197,30.741991
黑龙江省哈尔滨市道外区,20181119,900,269,269,黑龙江省,哈尔滨市,20190107,126.649451,45.792113
湖南省怀化市鹤城区,20181121,73,61,55,湖南省,怀化市,20190105,110.040315,27.578926
北京市房山区青龙湖镇,20181123,1325,,49,北京市,北京市,20190112,116.039634,39.777311
北京市房山区琉璃河镇,20181123,429,,37,北京市,北京市,20190112,116.030997,39.610514
内蒙古自治区包头市昆都仑区,20181123,88,69,53,内蒙古自治区,包头市,20190130,109.838178,40.642236
 湖北省黄石市阳新县,20181125,63,9,5,湖北省,黄石市,20190110,115.215227,29.830258
天津市宁河区,20181129,361,,67,天津市,天津市,20190112,117.826625,39.329858
江西省九江市柴桑区,20181130,159,16,4,江西省,九江市,20190110,115.911323,29.608431
陕西省西安市鄠邑区,20181203,245,205,79,陕西省,西安市,20190117,108.605028,34.108613
北京市通州区,20181203,9835,85,17,北京市,北京市,20190115,116.656435,39.909946
 黑龙江省农垦总局北安管理局（野猪） ,20181203,375,,77,黑龙江省,黑河市,20190124,126.510924,48.250199
四川省泸州市合江县,20181205,165,68,68,四川省,泸州市,20190129,105.831067,28.811203
陕西省西安市长安区,20181205,245,85,64,陕西省,西安市,20190117,108.906917,34.159016
 北京市顺义区,20181205,2461,53,26,北京市,北京市,20190121,116.654561,40.130347
山西省临汾市尧都区,20181206,91,45,35,山西省,临汾市,20190118,111.579554,36.078841
陕西省榆林市神木市,20181210,33,19,19,陕西省,榆林市,20190121,110.498868,38.842498
贵州省贵阳市白云区,20181210,26,5,5,贵州省,贵阳市,20190124,106.623007,26.678562
四川省巴中市巴州区,20181212,117,51,19,四川省,巴中市,20190125,106.768878,31.851478
青海省西宁市大通县,20181212,69,14,14,青海省,西宁市,20190123,101.685643,36.926955
四川省绵阳市盐亭县,20181216,210,35,26,四川省,绵阳市,20190128,105.389453,31.208363
黑龙江省鸡西市鸡冠区,20181216,84,24,24,黑龙江省,鸡西市,20190128,130.980894,45.304073
 重庆市璧山区,20181218,23,8,3,重庆市,重庆市,20190131,106.227305,29.592024
广东省珠海市香洲区（屠宰场）,20181219,50,11,11,广东省,珠海市,20190111,113.543785,22.265811
福建省三明市尤溪县,20181220,11950,27,27,福建省,三明市,20190201,118.190467,26.170171
贵州省黔南州龙里县,20181221,156,42,42,贵州省,黔南布依族苗族自治州,20190203,106.979524,26.453154
广东省广州市黄埔区,20181222,6027,30,9,广东省,广州市,20190203,113.459749,23.106402
福建省南平市延平区,20181224,5776,35,11,福建省,南平市,20190207,118.181894,26.637457
广东省惠州市博罗县,20181225,90,11,11,广东省,惠州市,20190206,114.289496,23.172899
山西省晋城市泽州县,20181230,8016,24,7,山西省,晋城市,20190213,112.899137,35.617221
黑龙江省绥化市明水县,20190101,73000,4686,3766,黑龙江省,绥化市,20190226,125.906301,47.173426
江苏省泗阳县,20190112,68969,2452,1369,江苏省,宿迁市,20190228,118.703038,33.72314
甘肃省庆阳市庆城县驿马镇,20190113,109,44,9,甘肃省,庆阳市,20190228,107.611095,35.90081
甘肃省兰州市七里河区,20190118,190,143,37,甘肃省,兰州市,20190305,103.785866,36.065915
宁夏回族自治区永宁县望远镇,20190120,57,26,13,宁夏回族自治区,银川市,20190305,106.270738,38.384684
湖南省永州市经济技术开发区,20190208,4600,270,171,湖南省,永州市,20190323,111.590591,26.412891
广西壮族自治区北海市银海区,20190218,23555,1629,924,广西壮族自治区,北海市,20190409,109.13999,21.449219
山东省济南市莱芜区,20190220,4504,17,3,山东省,济南市,20190405,117.119999,36.651216
云南省怒江州泸水市,20190221,300,6,2,云南省,怒江傈僳族自治州,20190405,98.857977,25.82288
河北省保定市徐水区,20190224,5600,,,河北省,保定市,20190412,115.62441,39.026233
内蒙古大兴安岭桑杜尔林场,20190424,222,222,210,内蒙古自治区,,20190525,111.765617,40.817498
陕西省榆林市靖边县,20190227,11334,150,62,陕西省,榆林市,20190414,108.793988,37.599438
广西贵港市港南区,20190307,3172,24,20,广西壮族自治区,贵港市,20190425,109.599557,23.075573
四川省邻水县,20190312,150（运载头数）,,9,四川省,广安市,,106.93038,30.334769
重庆市石柱县,20190321,91,9,6,重庆市,重庆市,20190504,108.114069,29.999285
湖北省利川市,20190330,142,8,5,湖北省,恩施土家族苗族自治州,20190517,108.909996,30.210981
湖北省利川市,20190330,83,83,73,湖北省,恩施土家族苗族自治州,20190517,108.909996,30.210981
新疆乌鲁木齐市米东区,20190404,200,15,15,新疆维吾尔自治区,乌鲁木齐市,20190522,87.655755,43.973579
云南省迪庆州香格里拉市,20190404,301,196,105,云南省,迪庆藏族自治州,20190603,99.700836,27.829743
西藏自治州林芝市巴宜区、工布江达县、波密县,20190407,,,55,西藏自治区,林芝市,20190528,95.768158,29.858766
新疆维吾尔族自治区喀什地区叶城县,20190408,341,39,39,新疆维吾尔自治区,喀什地区,20190528,77.413836,37.882989
新疆维吾尔族自治区喀什地区疏勒县,20190411,583,150,92,新疆维吾尔自治区,喀什地区,20190529,76.048139,39.401385
海南省万宁市,20190419,419,49,49,海南省,,20190522,110.391073,18.795143
海南省儋州市,20190419,172,62,62,海南省,儋州市,20190524,109.580811,19.521134
海南省海口市秀英区,20190421,252,252,43,海南省,海口市,20190524,110.293561,20.007969
海南省澄迈县两养殖户,20190421,172,62,62,海南省,,20190524,110.006755,19.738521
海南省宝亭黎族苗族自治县,20190421,7,7,7,海南省,,20190524,110.349228,20.017377
海南省陵水黎族自治县,20190421,86,34,34,海南省,,20190524,110.037504,18.506048
贵州省贵阳市乌当区,20190518,75（运载头数）,6,6,贵州省,贵阳市,20190614,106.750625,26.630845
四川省阿坝州若尔盖县降扎乡,20190520,429,111,78,四川省,阿坝藏族羌族自治州,,102.807064,34.157715
宁夏石嘴山市惠农区河滨街道办事处,20190521,40,4,3,宁夏回族自治区,石嘴山市,,106.770813,39.310843
云南省文山州砚山县维摩乡,20190525,104,49,48,云南省,文山壮族苗族自治州,,104.337242,23.605865
广西博白县旺茂镇,20190527,1,1,0,广西壮族自治区,玉林市,,109.901238,22.103724
云南省西双版纳州勐海县格朗和乡,20190529,80,37,12,云南省,西双版纳傣族自治州,,100.452548,21.957354
贵州省黔南州都匀市,20190531,32（运载头数）,1,1,贵州省,黔南布依族苗族自治州,,107.518847,26.259427
贵州省黔南州都匀市,20190611,331,15,10,贵州省,黔南布依族苗族自治州,,107.518847,26.259427
贵州省黔南州平塘县克度镇落良村斗篷组,20190620,65,24,21,贵州省,黔南布依族苗族自治州,,106.843802,25.690647
贵州省黔南州平塘县通州镇乐阳村董老组,20190620,121,19,15,贵州省,黔南布依族苗族自治州,,107.02485,25.793207
贵州省黔南州三都县周覃镇连心村和中和镇姑引村,20190621,898,114,82,贵州省,黔南布依族苗族自治州,,107.910024,25.628553
青海省海东市平安区石灰窟乡上法台村,20190623,32,32,17,青海省,海东市,,101.87953,36.348812
宁夏回族自治区中卫市沙坡头区,20190628,,,,宁夏回族自治区,中卫市,,105.190536,37.514564
