id,location,cunlan,fabing,death,long,lat,start ,overtime
1,辽宁省沈阳市沈北新区,383,47,47,123.583197,41.912487,20180803,20180929
2,河南省郑州市经济开发区,260,30,30,113.743171,34.721838,20180816,20181001
3,江苏省连云港市海州区,,615,88,119.19371,34.606756,20180819,20181004
4,浙江省温州市乐清市,,430,340,120.967147,28.116083,20180823,20181010
5,安徽省芜湖市南陵县,459,185,80,118.33436,30.914923,20180830,20181018
6,安徽省宣城市宣州区古泉镇,285,,40,118.653084,31.029986,20180902,20181017
7,安徽省宣城市宣州区五星乡,440,,94,118.78591,31.006845,20180902,20181017
8,安徽省宣城市宣州区金坝办事处,308,152,83,118.668526,30.868876,20180903,20181017
9,江苏省无锡市宜兴市,97,12,9,119.823308,31.340637,20180903,20181017
10,黑龙江省佳木斯市郊区长青乡,87,39,12,130.303305,46.809019,20180905,20181112
11,安徽省滁州市凤阳县,886,62,22,117.531623,32.874735,20180906,20181020
12,黑龙江省佳木斯市向阳区,203,26,10,130.365346,46.80779,20180906,20181112
13,安徽省芜湖市南陵县许镇镇,30,13,4,118.399381,31.047345,20180906,20181112
14,安徽省宣城市宣州区天湖街道办事处,52,15,15,118.591931,30.919701,20180906,20181020
15,安徽省铜陵市义安区,219,63,23,117.812079,30.945429,20180910,20181024
16,内蒙古自治区锡林郭勒盟阿巴嘎旗,,16,16,114.950248,44.022995,20180914,20181219
17,河南省新乡市获嘉县,,148,64,113.657433,35.259808,20180814,20181031
18,内蒙古自治区锡林郭勒盟正蓝旗,159,14,8,115.99247,42.241638,20180917,20181219
19,吉林省公主岭市南崴子镇,484,56,56,124.743685,43.462169,20180921,20181101
20,内蒙古自治区科尔沁右翼中旗,138,23,22,121.47653,45.060837,20180921,20181219
21,内蒙古自治区呼和浩特市,388,4,2,111.74918,40.842585,20180924,20190130
22,吉林省松原市长岭县,44,8,3,123.967484,44.275895,20180928,20181109
23, 辽宁省营口市大石桥市旗口镇滚子泡村（含腰屯村）,239,78,78,122.416165,40.823646,20180930,20181122
24,辽宁省营口市大石桥市高坎镇大高坎村,130,22,22,122.37675,40.779669,20180930,20181122
25,辽宁省营口市老边区路南镇崔家村,9,2,2,122.30766,40.690142,20180930,20181122
26,辽宁省营口市大石桥市旗口镇王围村（含新兴村）,1119,650,20,122.426829,40.853512,20181008,20181122
27,辽宁省营口市大石桥市高坎镇革家村（含宿东村）,1116,127,27,122.493095,40.800201,20181008,20181122
28,辽宁省营口市老边区路南镇新立村（含北于扬村）,1123,142,46,122.402803,40.664332,20181008,20181122
29,辽宁省鞍山市台安县,460,160,160,122.436196,41.412768,20181009,20181127
30,辽宁省大连市普兰店区,1353,20,11,122.26177,39.741886,20181011,20181125
31,辽宁省鞍山市台安县新台镇,120,88,72,122.3587,41.327987,20181012,20181127
32, 天津市蓟州区侯家营镇,639,292,198,117.255619,39.855988,20181012,20181205
33,辽宁省鞍山市台安县桑林镇魏家村,180,14,14,122.274519,41.493566,20181014,20181127
34,辽宁省锦州市北镇市,19938,221,221,121.795962,41.598764,20181015,20181204
35,辽宁省北镇市盘锦市大洼区王家街道曙光村,1571,109,109,121.795962,41.598764,20181015,20181203
36,辽宁省盘锦市大洼区王家街道王家村,270,129,129,122.066733,40.949539,20181015,20181203
37,辽宁省铁岭市开原市庆云堡镇,6640,50,14,124.038268,42.546307,20181016,20181129
38,辽宁省盘锦市大洼区清水镇,4323,1030,1030,121.981502,41.042119,20181016,20181203
39,辽宁省盘锦市大洼区王家街道西海村,3223,31,20,122.023268,40.947591,20181016,20181203
40,辽宁省盘锦市大洼区西安镇韩家村,161,43,43,122.233249,40.951208,20181017,20181203
41,山西省大同市左云县,15,7,4,112.703008,40.013442,20181017,20181128
42,云南省昭通市镇雄县牛场镇,804,298,298,104.571123,27.508911,20181020,20181227
43,云南省昭通市母享镇养殖专业合作社,353,247,247,105.190509,27.562278,20181021,20181227
44,浙江省台州市三门县,2280,56,56,121.395777,29.104873,20181022,20181204
45,湖南省益阳市桃江县,546,44,17,112.155822,28.518085,20181223,20181207
46,湖南省常德市桃源县,268,208,31,111.488925,28.902503,20181023,20181217
47,贵州省毕节市赫章县,10,8,8,104.727418,27.123079,20181025,20181213
48,贵州省毕节市七星关区,49,25,25,105.305138,27.298494,20181026,20181223
49,湖南省常德市桃源县,7684,106,99,111.488925,28.902503,20181028,20181217
50,山西省太原市阳曲县,210,75,47,112.672953,38.058489,20181030,20181217
51,湖南省怀化市沅陵县,144,25,22,110.393844,28.452686,20181030,20181217
52,云南省普洱市思茅区,36,5,1,100.977165,22.78691,20181030,20181211
53,山西省太原市阳曲县西凌井乡,47,25,7,112.422273,38.13597,20181103,20181217
54,重庆市丰都县兴义镇,309,3,3,107.818939,29.948571,20181104,20181221
55,湖南省湘西土家族苗族自治州保靖县,119,11,4,109.660577,28.699774,20181105,20181220
56,湖北省罗田县,821,22,4,115.399492,30.7831,20181107,20181226
57, 湖南省娄底市涟源市,9,4,1,111.664316,27.692542,20181108,20181224
58,江西省上饶市万年县,154,49,49,117.058445,28.694582,20181108,20181224
59,吉林省延边朝鲜族自治州龙井市,930,144,144,129.427066,42.766311,20181108,20181220
60,福建省莆田市城厢区,4521,85,85,118.993885,25.419319,20181108,20181222
61,安徽省青阳县,8339,96,47,117.847362,30.63923,20181110,20181224
62,湖北省武穴市,147,7,6,115.561217,29.844107,20181113,20181229
63,湖北省黄冈市浠水县,636,24,13,115.265535,30.451867,20181115,20190103
64,四川省宜宾市高县,40,16,10,104.518187,28.435036,20181116,20181230
65,吉林省白山市浑江区（一头野猪）,,1,1,126.416094,41.945409,20181116,
66,云南省昭通市威信县,1,1,1,105.049027,27.846901,20181116,20181228
67,江西省上饶市鄱阳县,150,10,10,116.699746,29.011699,20181117,20181229
68,云南省昆明市呈贡区（屠宰场）,348,,,102.798124,24.914208,20181117,20181229
69,四川省成都市新津县,110,27,13,103.811345,30.410222,20181117,20190103
70,上海市金山区,314,50,11,121.34197,30.741991,20181117,20190104
71,黑龙江省哈尔滨市道外区,900,269,269,126.649451,45.792113,20181119,20190107
72,湖南省怀化市鹤城区,73,61,55,110.040315,27.578926,20181121,20190105
73,北京市房山区青龙湖镇,1325,,49,116.039634,39.777311,20181123,20190112
74,北京市房山区琉璃河镇,429,,37,116.030997,39.610514,20181123,20190112
75,内蒙古自治区包头市昆都仑区,88,69,53,109.838178,40.642236,20181123,20190130
76, 湖北省黄石市阳新县,63,9,5,115.215227,29.830258,20181125,20190110
77,天津市宁河区,361,,67,117.826625,39.329858,20181129,20190112
78,江西省九江市柴桑区,159,16,4,115.911323,29.608431,20181130,20190110
79,陕西省西安市鄠邑区,245,205,79,108.605028,34.108613,20181203,20190117
80,北京市通州区,9835,85,17,116.656435,39.909946,20181203,20190115
81, 黑龙江省农垦总局北安管理局（野猪） ,375,,77,126.510924,48.250199,20181203,20190124
82,四川省泸州市合江县,165,68,68,105.831067,28.811203,20181205,20190129
83,陕西省西安市长安区,245,85,64,108.906917,34.159016,20181205,20190117
84, 北京市顺义区,2461,53,26,116.654561,40.130347,20181205,20190121
85,山西省临汾市尧都区,91,45,35,111.579554,36.078841,20181206,20190118
86,陕西省榆林市神木市,33,19,19,110.498868,38.842498,20181210,20190121
87,贵州省贵阳市白云区,26,5,5,106.623007,26.678562,20181210,20190124
88,四川省巴中市巴州区,117,51,19,106.768878,31.851478,20181212,20190125
89,青海省西宁市大通县,69,14,14,101.685643,36.926955,20181212,20190123
90,四川省绵阳市盐亭县,210,35,26,105.389453,31.208363,20181216,20190128
91,黑龙江省鸡西市鸡冠区,84,24,24,130.980894,45.304073,20181216,20190128
92, 重庆市璧山区,23,8,3,106.227305,29.592024,20181218,20190131
93,广东省珠海市香洲区（屠宰场）,50,11,11,113.543785,22.265811,20181219,20190111
94,福建省三明市尤溪县,11950,27,27,118.190467,26.170171,20181220,20190201
95,贵州省黔南州龙里县,156,42,42,106.979524,26.453154,20181221,20190203
96,广东省广州市黄埔区,6027,30,9,113.459749,23.106402,20181222,20190203
97,福建省南平市延平区,5776,35,11,118.181894,26.637457,20181224,20190207
98,广东省惠州市博罗县,90,11,11,114.289496,23.172899,20181225,20190206
99,山西省晋城市泽州县,8016,24,7,112.899137,35.617221,20181230,20190213
100,黑龙江省绥化市明水县,73000,4686,3766,125.906301,47.173426,20190101,20190226
101,江苏省泗阳县,68969,2452,1369,118.703038,33.72314,20190112,20190228
102,甘肃省庆阳市庆城县驿马镇,109,44,9,107.611095,35.90081,20190113,20190228
103,甘肃省兰州市七里河区,190,143,37,103.785866,36.065915,20190118,20190305
104,宁夏回族自治区永宁县望远镇,57,26,13,106.270738,38.384684,20190120,20190305
105,湖南省永州市经济技术开发区,4600,270,171,111.590591,26.412891,20190208,20190323
106,广西壮族自治区北海市银海区,23555,1629,924,109.13999,21.449219,20190218,20190409
107,山东省济南市莱芜区,4504,17,3,117.119999,36.651216,20190220,20190405
108,云南省怒江州泸水市,300,6,2,98.857977,25.82288,20190221,20190405
109,河北省保定市徐水区,5600,,,115.62441,39.026233,20190224,20190412
110,内蒙古大兴安岭桑杜尔林场,222,222,210,111.765617,40.817498,20190424,20190525
111,陕西省榆林市靖边县,11334,150,62,108.793988,37.599438,20190227,20190414
112,广西贵港市港南区,3172,24,20,109.599557,23.075573,20190307,20190425
113,四川省邻水县,150（运载头数）,,9,106.93038,30.334769,20190312,
114,重庆市石柱县,91,9,6,108.114069,29.999285,20190321,20190504
115,湖北省利川市,142,8,5,108.909996,30.210981,20190330,20190517
116,湖北省利川市,83,83,73,108.909996,30.210981,20190330,20190517
117,新疆乌鲁木齐市米东区,200,15,15,87.655755,43.973579,20190404,20190522
118,云南省迪庆州香格里拉市,301,196,105,99.700836,27.829743,20190404,20190603
119,西藏自治州林芝市巴宜区、工布江达县、波密县,,,55,95.768158,29.858766,20190407,20190528
120,新疆维吾尔族自治区喀什地区叶城县,341,39,39,77.413836,37.882989,20190408,20190528
121,新疆维吾尔族自治区喀什地区疏勒县,583,150,92,76.048139,39.401385,20190411,20190529
122,海南省万宁市,419,49,49,110.391073,18.795143,20190419,20190522
123,海南省儋州市,172,62,62,109.580811,19.521134,20190419,20190524
124,海南省海口市秀英区,252,252,43,110.293561,20.007969,20190421,20190524
125,海南省澄迈县两养殖户,172,62,62,110.006755,19.738521,20190421,20190524
126,海南省宝亭黎族苗族自治县,7,7,7,110.349228,20.017377,20190421,20190524
127,海南省陵水黎族自治县,86,34,34,110.037504,18.506048,20190421,20190524
128,贵州省贵阳市乌当区,75（运载头数）,6,6,106.750625,26.630845,20190518,20190614
129,四川省阿坝州若尔盖县降扎乡,429,111,78,102.807064,34.157715,20190520,
130,宁夏石嘴山市惠农区河滨街道办事处,40,4,3,106.770813,39.310843,20190521,
131,云南省文山州砚山县维摩乡,104,49,48,104.337242,23.605865,20190525,
132,广西博白县旺茂镇,1,1,0,109.901238,22.103724,20190527,
133,云南省西双版纳州勐海县格朗和乡,80,37,12,100.452548,21.957354,20190529,
134,贵州省黔南州都匀市,32（运载头数）,1,1,107.518847,26.259427,20190531,
135,贵州省黔南州都匀市,331,15,10,107.518847,26.259427,20190611,
136,贵州省黔南州平塘县克度镇落良村斗篷组,65,24,21,106.843802,25.690647,20190620,
137,贵州省黔南州平塘县通州镇乐阳村董老组,121,19,15,107.02485,25.793207,20190620,
138,贵州省黔南州三都县周覃镇连心村和中和镇姑引村,898,114,82,107.910024,25.628553,20190621,
139,青海省海东市平安区石灰窟乡上法台村,32,32,17,101.87953,36.348812,20190623,
140,宁夏回族自治区中卫市沙坡头区,,,,105.190536,37.514564,20190628,
